,Words,Freq,Polarity,Subjectivity,Analysis
0,silence,15,0.0,0.0,Neutral
1,talking,7,0.0,0.0,Neutral
2,everyone,4,0.0,0.0,Neutral
3,always,77,0.0,0.0,Neutral
4,noise,1,0.0,0.0,Neutral
5,head,26,0.0,0.0,Neutral
6,nonsense,1,0.0,0.0,Neutral
7,feel,119,0.0,0.0,Neutral
8,love,195,0.5,0.6,Positive
9,guarded,2,0.4,0.6,Positive
10,overthink,1,0.0,0.0,Neutral
11,started,8,0.0,0.0,Neutral
12,knew,19,0.0,0.0,Neutral
13,second,9,0.0,0.0,Neutral
14,walked,5,0.0,0.0,Neutral
15,could,112,0.0,0.0,Neutral
16,something,49,0.0,0.0,Neutral
17,everybody,32,0.0,0.0,Neutral
18,looking,12,0.0,0.0,Neutral
19,start,8,0.0,0.0,Neutral
20,riot,2,0.0,0.0,Neutral
21,every,39,0.0,0.0,Neutral
22,time,89,0.0,0.0,Neutral
23,look,80,0.0,0.0,Neutral
24,eye,46,0.0,0.0,Neutral
25,world,55,0.0,0.0,Neutral
26,get,119,0.0,0.0,Neutral
27,quiet,3,0.0,0.3333333333333333,Neutral
28,let,92,0.0,0.0,Neutral
29,go,156,0.0,0.0,Neutral
30,fall,44,0.0,0.0,Neutral
31,fly,13,0.8,0.9,Positive
32,keep,66,0.0,0.0,Neutral
33,trying,22,0.0,0.0,Neutral
34,cause,156,0.0,0.0,Neutral
35,sat,13,0.0,0.0,Neutral
36,dreaming,7,0.0,0.0,Neutral
37,wide,3,-0.1,0.4,Negative
38,awake,3,0.0,0.0,Neutral
39,seeing,5,0.0,0.0,Neutral
40,thinking,12,0.0,0.0,Neutral
41,please,24,0.0,0.0,Neutral
42,worry,1,0.0,0.0,Neutral
43,waiting,19,0.0,0.0,Neutral
44,know,263,0.0,0.0,Neutral
45,believe,25,0.0,0.0,Neutral
46,saying,7,0.0,0.0,Neutral
47,hurry,2,0.0,0.0,Neutral
48,enemy,16,0.0,0.0,Neutral
49,dan,2,0.0,0.0,Neutral
50,reynolds,2,0.0,0.0,Neutral
51,wake,8,0.0,0.0,Neutral
52,sound,12,0.4,0.4,Positive
53,allows,1,0.0,0.0,Neutral
54,mind,62,0.0,0.0,Neutral
55,run,92,0.0,0.0,Neutral
56,around,26,0.0,0.0,Neutral
57,ear,3,0.0,0.0,Neutral
58,ground,20,0.0,0.0,Neutral
59,searching,2,0.0,0.0,Neutral
60,behold,1,0.0,0.0,Neutral
61,story,17,0.0,0.0,Neutral
62,told,25,0.0,0.0,Neutral
63,back,59,0.0,0.0,Neutral
64,smiling,5,0.0,0.0,Neutral
65,turned,3,0.0,0.0,Neutral
66,tell,86,0.0,0.0,Neutral
67,greatest,2,1.0,1.0,Positive
68,turn,23,0.0,0.0,Neutral
69,hate,16,-0.8,0.9,Negative
70,u,40,0.0,0.0,Neutral
71,oh,502,0.0,0.0,Neutral
72,misery,4,0.0,0.0,Neutral
73,want,124,0.0,0.0,Neutral
74,spare,4,0.0,0.0,Neutral
75,sympathy,4,0.0,0.0,Neutral
76,ready,26,0.2,0.5,Positive
77,word,22,0.0,0.0,Neutral
78,wall,8,0.0,0.0,Neutral
79,praying,3,0.0,0.0,Neutral
80,laughter,1,0.0,0.0,Neutral
81,hall,2,0.0,0.0,Neutral
82,name,14,0.0,0.0,Neutral
83,called,8,0.0,0.0,Neutral
84,stack,1,0.0,0.0,Neutral
85,show,14,0.0,0.0,Neutral
86,like,255,0.0,0.0,Neutral
87,spit,1,0.0,0.0,Neutral
88,mic,1,0.0,0.0,Neutral
89,huh,1,0.0,0.0,Neutral
90,jid,1,0.0,0.0,Neutral
91,uh,5,0.0,0.0,Neutral
92,okay,25,0.5,0.5,Positive
93,hoping,10,0.0,0.0,Neutral
94,somebody,16,0.0,0.0,Neutral
95,pray,3,0.0,0.0,Neutral
96,hope,23,0.0,0.0,Neutral
97,staying,1,0.0,0.0,Neutral
98,nobody,23,0.0,0.0,Neutral
99,posed,1,0.0,0.0,Neutral
100,p,2,0.0,0.0,Neutral
101,posted,1,0.0,0.0,Neutral
102,wreck,1,0.0,0.0,Neutral
103,emotion,1,0.0,0.0,Neutral
104,whenever,2,0.0,0.0,Neutral
105,road,9,0.0,0.0,Neutral
106,long,12,-0.05,0.4,Negative
107,put,47,0.0,0.0,Neutral
108,pedal,1,0.0,0.0,Neutral
109,floor,9,0.0,0.0,Neutral
110,trail,1,0.0,0.0,Neutral
111,energy,3,0.0,0.0,Neutral
112,unavailable,1,0.0,0.0,Neutral
113,em,14,0.0,0.0,Neutral
114,hasta,1,0.0,0.0,Neutral
115,luego,1,0.0,0.0,Neutral
116,wanna,143,0.0,0.0,Neutral
117,plot,1,0.0,0.0,Neutral
118,trot,1,0.0,0.0,Neutral
119,top,8,0.5,0.5,Positive
120,outta,9,0.0,0.0,Neutral
121,shape,3,0.0,0.0,Neutral
122,thinkin,4,0.0,0.0,Neutral
123,box,2,0.0,0.0,Neutral
124,astronaut,1,0.0,0.0,Neutral
125,blasted,1,-0.6,0.9,Negative
126,planet,1,0.0,0.0,Neutral
127,rock,6,0.0,0.0,Neutral
128,catastrophe,2,0.0,0.0,Neutral
129,matter,2,0.0,0.0,Neutral
130,thought,20,0.0,0.0,Neutral
131,wreaking,1,0.0,0.0,Neutral
132,havoc,1,0.0,0.0,Neutral
133,opposition,1,0.0,0.0,Neutral
134,kinda,11,0.0,0.0,Neutral
135,shocking,1,-1.0,1.0,Negative
136,wanted,10,0.0,0.0,Neutral
137,static,1,0.5,0.9,Positive
138,precision,1,0.0,0.0,Neutral
139,automatic,1,0.0,0.0,Neutral
140,quarterback,1,0.0,0.0,Neutral
141,talkin,4,0.0,0.0,Neutral
142,sacking,1,0.0,0.0,Neutral
143,pack,2,0.0,0.0,Neutral
144,panic,1,0.0,0.0,Neutral
145,batter,2,0.0,0.0,Neutral
146,baddest,1,0.0,0.0,Neutral
147,ya,6,0.0,0.0,Neutral
148,throat,1,0.0,0.0,Neutral
149,away,41,0.0,0.0,Neutral
150,swear,8,0.0,0.0,Neutral
151,never,170,0.0,0.0,Neutral
152,saint,4,0.0,0.0,Neutral
153,way,92,0.0,0.0,Neutral
154,boomerang,33,0.0,0.0,Neutral
155,many,16,0.5,0.5,Positive
156,lie,72,0.0,0.0,Neutral
157,wish,86,0.0,0.0,Neutral
158,well,25,0.0,0.0,Neutral
159,said,56,0.0,0.0,Neutral
160,moving,16,0.0,0.0,Neutral
161,FALSE,1,-0.4000000000000001,0.6,Negative
162,alarm,1,0.0,0.0,Neutral
163,see,93,0.0,0.0,Neutral
164,tomorrow,9,0.0,0.0,Neutral
165,bad,54,-0.6999999999999998,0.6666666666666666,Negative
166,letting,16,0.0,0.0,Neutral
167,throw,12,0.0,0.0,Neutral
168,tear,26,0.0,0.0,Neutral
169,cry,17,0.0,0.0,Neutral
170,sleepless,1,0.0,0.0,Neutral
171,lonely,35,-0.09999999999999998,0.7,Negative
172,night,62,0.0,0.0,Neutral
173,work,4,0.0,0.0,Neutral
174,worth,6,0.3,0.1,Positive
175,enough,12,0.0,0.5,Neutral
176,ahead,2,0.0,0.0,Neutral
177,easy,12,0.43333333333333335,0.8333333333333334,Positive
178,mean,14,-0.3125,0.6875,Negative
179,wrong,16,-0.5,0.9,Negative
180,everything,31,0.0,0.0,Neutral
181,working,9,0.0,0.0,Neutral
182,ooh,120,0.0,0.0,Neutral
183,boome,3,0.0,0.0,Neutral
184,rang,1,0.0,0.0,Neutral
185,lock,18,0.0,0.0,Neutral
186,listen,10,0.0,0.0,Neutral
187,confession,1,0.0,0.0,Neutral
188,much,17,0.2,0.2,Positive
189,le,8,0.0,0.0,Neutral
190,shine,10,0.0,0.0,Neutral
191,light,33,0.4,0.7,Positive
192,dark,9,-0.15,0.4,Negative
193,side,8,0.0,0.0,Neutral
194,care,28,0.0,0.0,Neutral
195,overjoyed,3,0.0,0.0,Neutral
196,overnight,3,0.0,0.0,Neutral
197,joy,3,0.8,0.2,Positive
198,kiss,24,0.0,0.0,Neutral
199,chain,22,0.0,0.0,Neutral
200,heart,102,0.0,0.0,Neutral
201,desire,4,0.0,0.0,Neutral
202,stop,31,0.0,0.0,Neutral
203,hold,41,0.0,0.0,Neutral
204,moment,11,0.0,0.0,Neutral
205,breaking,6,0.0,0.0,Neutral
206,free,10,0.4,0.8,Positive
207,criticize,1,0.0,0.0,Neutral
208,analyse,1,0.0,0.0,Neutral
209,lost,18,0.0,0.0,Neutral
210,blinded,1,0.0,0.0,Neutral
211,thing,84,0.0,0.0,Neutral
212,seen,5,0.0,0.0,Neutral
213,girl,18,0.0,0.0,Neutral
214,stranger,2,0.0,0.0,Neutral
215,passing,2,0.0,0.0,Neutral
216,shadow,5,0.0,0.0,Neutral
217,closer,6,0.0,0.0,Neutral
218,tried,10,0.0,0.0,Neutral
219,caught,14,0.0,0.0,Neutral
220,headlight,6,0.0,0.0,Neutral
221,face,12,0.0,0.0,Neutral
222,crowd,5,0.0,0.0,Neutral
223,loving,3,0.6,0.95,Positive
224,risk,1,0.0,0.0,Neutral
225,found,13,0.0,0.0,Neutral
226,dangerous,7,-0.6,0.9,Negative
227,living,12,0.0,0.0,Neutral
228,trust,10,0.0,0.0,Neutral
229,guess,20,0.0,0.0,Neutral
230,got,149,0.0,0.0,Neutral
231,vacant,2,0.0,0.0,Neutral
232,alibi,1,0.0,0.0,Neutral
233,trading,1,0.0,0.0,Neutral
234,truth,8,0.0,0.0,Neutral
235,essence,1,0.0,0.0,Neutral
236,hurt,15,0.0,0.0,Neutral
237,magic,5,0.5,1.0,Positive
238,hampton,5,0.0,0.0,Neutral
239,mikey,2,0.0,0.0,Neutral
240,spot,2,0.0,0.0,Neutral
241,little,74,-0.1875,0.5,Negative
242,hottie,1,0.0,0.0,Neutral
243,flipped,1,0.0,0.0,Neutral
244,shade,2,0.0,0.0,Neutral
245,lookin,5,0.0,0.0,Neutral
246,red,3,0.0,0.0,Neutral
247,rari,1,0.0,0.0,Neutral
248,sittin,3,0.0,0.0,Neutral
249,driveway,1,0.0,0.0,Neutral
250,bottle,3,0.0,0.0,Neutral
251,c,6,0.0,0.0,Neutral
252,roc,1,0.0,0.0,Neutral
253,hint,1,0.0,0.0,Neutral
254,kool,1,0.0,0.0,Neutral
255,aid,1,0.0,0.0,Neutral
256,done,9,0.0,0.0,Neutral
257,pulled,1,0.0,0.0,Neutral
258,getting,16,0.0,0.0,Neutral
259,rid,1,0.0,0.0,Neutral
260,weed,1,0.0,0.0,Neutral
261,tired,10,-0.4,0.7,Negative
262,running,12,0.0,0.0,Neutral
263,take,115,0.0,0.0,Neutral
264,break,42,0.0,0.0,Neutral
265,good,58,0.7,0.6000000000000001,Positive
266,move,9,0.0,0.0,Neutral
267,new,27,0.13636363636363635,0.45454545454545453,Positive
268,james,1,0.0,0.0,Neutral
269,brown,1,0.0,0.0,Neutral
270,room,8,0.0,0.0,Neutral
271,right,33,0.2857142857142857,0.5357142857142857,Positive
272,gold,16,0.0,0.0,Neutral
273,single,10,-0.07142857142857142,0.21428571428571427,Negative
274,gonn,1,0.0,0.0,Neutral
275,best,12,1.0,0.3,Positive
276,drink,17,0.0,0.0,Neutral
277,sippin,1,0.0,0.0,Neutral
278,dancing,15,0.0,0.0,Neutral
279,handshake,3,0.0,0.0,Neutral
280,gettin,9,0.0,0.0,Neutral
281,drunk,12,-0.5,1.0,Negative
282,mansion,3,0.0,0.0,Neutral
283,classy,3,0.1,0.9,Positive
284,come,65,0.0,0.0,Neutral
285,bout,16,0.0,0.0,Neutral
286,smash,3,0.0,0.0,Neutral
287,TRUE,8,0.35,0.65,Positive
288,beach,1,0.0,0.0,Neutral
289,gotta,33,0.0,0.0,Neutral
290,leave,77,0.0,0.0,Neutral
291,9,1,0.0,0.0,Neutral
292,sleep,27,0.0,0.0,Neutral
293,early,2,0.1,0.3,Positive
294,bird,1,0.0,0.0,Neutral
295,imma,1,0.0,0.0,Neutral
296,worm,1,0.0,0.0,Neutral
297,round,2,-0.2,0.4,Negative
298,walk,16,0.0,0.0,Neutral
299,limp,1,-0.2,0.5,Negative
300,cool,25,0.35,0.65,Positive
301,next,20,0.0,0.0,Neutral
302,trip,4,0.0,0.0,Neutral
303,lil,2,0.0,0.0,Neutral
304,yachty,1,0.0,0.0,Neutral
305,boat,2,0.0,0.0,Neutral
306,lovin,1,0.0,0.0,Neutral
307,north,1,0.0,0.0,Neutral
308,comin,3,0.0,0.0,Neutral
309,need,65,0.0,0.0,Neutral
310,find,37,0.0,0.0,Neutral
311,crib,1,0.0,0.0,Neutral
312,stay,35,0.0,0.0,Neutral
313,pressed,1,0.0,0.0,Neutral
314,pick,3,0.0,0.0,Neutral
315,pace,3,0.0,0.0,Neutral
316,picture,5,0.0,0.0,Neutral
317,dance,6,0.0,0.0,Neutral
318,laugh,3,0.3,0.1,Positive
319,sing,2,0.0,0.0,Neutral
320,rockin,1,0.0,0.0,Neutral
321,bling,1,0.0,0.0,Neutral
322,one,145,0.0,0.0,Neutral
323,ring,7,0.0,0.0,Neutral
324,later,1,0.0,0.0,Neutral
325,line,6,0.0,0.0,Neutral
326,rush,3,0.0,0.0,Neutral
327,type,4,0.0,0.0,Neutral
328,mama,2,0.0,0.0,Neutral
329,boy,21,0.0,0.0,Neutral
330,meet,15,0.0,0.0,Neutral
331,first,42,0.25,0.3333333333333333,Positive
332,whip,5,0.0,0.0,Neutral
333,coupe,1,0.0,0.0,Neutral
334,use,1,0.0,0.0,Neutral
335,seat,5,0.0,0.0,Neutral
336,belt,1,0.0,0.0,Neutral
337,shoe,3,0.0,0.0,Neutral
338,clothes,4,0.0,0.0,Neutral
339,chanel,1,0.0,0.0,Neutral
340,purse,1,0.0,0.0,Neutral
341,vacaying,1,0.0,0.0,Neutral
342,lazy,1,-0.25,1.0,Negative
343,curse,1,0.0,0.0,Neutral
344,two,21,0.0,0.0,Neutral
345,moon,11,0.0,0.0,Neutral
346,catching,2,0.6,0.9,Positive
347,fire,25,0.0,0.0,Neutral
348,yeah,200,0.0,0.0,Neutral
349,kept,1,0.0,0.0,Neutral
350,self,1,0.0,0.0,Neutral
351,liar,15,0.0,0.0,Neutral
352,health,2,0.0,0.0,Neutral
353,sorry,17,-0.5,1.0,Negative
354,excuse,3,-0.05,0.05,Negative
355,mess,24,-0.175,0.175,Negative
356,pouring,4,0.0,0.0,Neutral
357,chest,20,0.0,0.0,Neutral
358,fell,14,0.0,0.0,Neutral
359,corridor,3,0.0,0.0,Neutral
360,broken,14,-0.4,0.4,Negative
361,left,20,0.0,0.0,Neutral
362,asleep,6,0.0,0.0,Neutral
363,bed,4,0.0,0.0,Neutral
364,happy,3,0.8,1.0,Positive
365,nothing,38,0.0,0.0,Neutral
366,close,13,0.0,0.0,Neutral
367,door,8,0.0,0.0,Neutral
368,serene,1,0.0,0.0,Neutral
369,clean,2,0.3666666666666667,0.7000000000000001,Positive
370,make,123,0.0,0.0,Neutral
371,play,25,0.0,0.0,Neutral
372,inside,35,0.0,0.0,Neutral
373,friend,30,0.0,0.0,Neutral
374,smile,6,0.3,0.1,Positive
375,window,4,0.0,0.0,Neutral
376,tile,1,0.0,0.0,Neutral
377,frozen,1,0.0,0.0,Neutral
378,willow,1,0.0,0.0,Neutral
379,mile,8,0.0,0.0,Neutral
380,style,1,0.0,0.0,Neutral
381,soul,9,0.0,0.0,Neutral
382,heading,1,0.0,0.0,Neutral
383,forgetting,3,0.0,0.0,Neutral
384,say,97,0.0,0.0,Neutral
385,sight,4,0.0,0.0,Neutral
386,diminishing,1,0.0,0.0,Neutral
387,life,69,0.0,0.0,Neutral
388,suck,1,0.0,0.0,Neutral
389,try,23,0.0,0.0,Neutral
390,finish,1,0.0,0.0,Neutral
391,pearly,1,0.0,0.0,Neutral
392,white,3,0.0,0.0,Neutral
393,blurry,2,0.0,0.0,Neutral
394,surely,1,0.5,0.8888888888888888,Positive
395,bite,3,0.0,0.0,Neutral
396,dirty,2,-0.6,0.8,Negative
397,dust,5,0.0,0.0,Neutral
398,cut,10,0.0,0.0,Neutral
399,deeper,6,0.0,0.0,Neutral
400,nut,1,0.0,0.0,Neutral
401,believer,20,0.0,0.0,Neutral
402,ever,50,0.0,0.0,Neutral
403,must,2,0.0,0.0,Neutral
404,disgusting,1,-1.0,1.0,Negative
405,rust,4,0.0,0.0,Neutral
406,god,7,0.0,0.0,Neutral
407,unplug,1,0.0,0.0,Neutral
408,fuck,29,-0.4,0.6,Negative
409,stuck,12,0.0,0.0,Neutral
410,bedroom,2,0.0,0.0,Neutral
411,telling,4,0.0,0.0,Neutral
412,hurting,1,0.0,0.0,Neutral
413,year,14,0.0,0.0,Neutral
414,jonah,1,0.0,0.0,Neutral
415,marais,1,0.0,0.0,Neutral
416,dear,3,0.0,0.0,Neutral
417,season,1,0.0,0.0,Neutral
418,change,15,0.0,0.0,Neutral
419,day,27,0.0,0.0,Neutral
420,corbyn,1,0.0,0.0,Neutral
421,besson,1,0.0,0.0,Neutral
422,used,10,0.0,0.0,Neutral
423,miss,17,0.0,0.0,Neutral
424,baby,97,0.0,0.0,Neutral
425,lying,8,0.0,0.0,Neutral
426,daniel,2,0.0,0.0,Neutral
427,seavey,2,0.0,0.0,Neutral
428,forget,2,0.0,0.0,Neutral
429,still,40,0.0,0.0,Neutral
430,alone,19,0.0,0.0,Neutral
431,gave,9,0.0,0.0,Neutral
432,give,89,0.0,0.0,Neutral
433,zach,1,0.0,0.0,Neutral
434,herron,1,0.0,0.0,Neutral
435,help,20,0.0,0.0,Neutral
436,probably,2,0.0,0.0,Neutral
437,hit,15,0.0,0.0,Neutral
438,drop,2,0.0,0.0,Neutral
439,damn,5,0.0,0.0,Neutral
440,feeling,52,0.0,0.0,Neutral
441,think,71,0.0,0.0,Neutral
442,jack,1,0.0,0.0,Neutral
443,avery,1,0.0,0.0,Neutral
444,parachute,8,0.0,0.0,Neutral
445,vibing,1,0.0,0.0,Neutral
446,talk,22,0.0,0.0,Neutral
447,sit,4,0.0,0.0,Neutral
448,watching,3,0.0,0.0,Neutral
449,shitty,1,0.0,0.0,Neutral
450,movie,1,0.0,0.0,Neutral
451,high,44,0.16,0.5399999999999999,Positive
452,laughing,1,0.0,0.0,Neutral
453,losing,12,0.0,0.0,Neutral
454,control,8,0.0,0.0,Neutral
455,whatcha,1,0.0,0.0,Neutral
456,doin,3,0.0,0.0,Neutral
457,psyche,1,0.0,0.0,Neutral
458,alright,20,0.0,0.0,Neutral
459,happening,1,0.0,0.0,Neutral
460,lately,9,-0.3,0.6,Negative
461,someone,22,0.0,0.0,Neutral
462,spending,2,0.0,0.0,Neutral
463,else,24,0.0,0.0,Neutral
464,feelin,2,0.0,0.0,Neutral
465,understand,6,0.0,0.0,Neutral
466,questioning,6,0.0,0.0,Neutral
467,would,41,0.0,0.0,Neutral
468,kill,12,0.0,0.0,Neutral
469,thousand,8,0.0,0.0,Neutral
470,consequence,2,0.0,0.0,Neutral
471,without,28,0.0,0.0,Neutral
472,da,87,0.0,0.0,Neutral
473,finger,4,0.0,0.0,Neutral
474,wrapped,6,0.0,0.0,Neutral
475,three,4,0.0,0.0,Neutral
476,diamond,100,0.0,0.0,Neutral
477,usually,6,-0.25,0.25,Negative
478,blow,3,0.0,0.0,Neutral
479,heartless,13,0.0,0.0,Neutral
480,hear,18,0.0,0.0,Neutral
481,coldest,4,0.0,0.0,Neutral
482,somewhere,7,0.0,0.0,Neutral
483,far,9,0.1,1.0,Positive
484,along,8,0.0,0.0,Neutral
485,woman,4,0.0,0.0,Neutral
486,cold,15,-0.6,1.0,Negative
487,winter,6,0.0,0.0,Neutral
488,wind,7,0.0,0.0,Neutral
489,breeze,1,0.0,0.0,Neutral
490,yo,2,0.0,0.0,Neutral
491,remember,13,0.0,0.0,Neutral
492,though,14,0.0,0.0,Neutral
493,watch,12,0.0,0.0,Neutral
494,ayo,2,0.0,0.0,Neutral
495,old,12,0.1,0.2,Positive
496,gon,13,0.0,0.0,Neutral
497,homies,1,0.0,0.0,Neutral
498,end,24,0.0,0.0,Neutral
499,dr,1,0.0,0.0,Neutral
500,evil,1,-1.0,1.0,Negative
501,bringin,1,0.0,0.0,Neutral
502,decided,1,0.0,0.0,Neutral
503,speak,1,0.0,0.0,Neutral
504,3,3,0.0,0.0,Neutral
505,phone,15,0.0,0.0,Neutral
506,mad,2,-0.625,1.0,Negative
507,homie,1,0.0,0.0,Neutral
508,hot,6,0.25,0.8500000000000001,Positive
509,groove,4,0.0,0.0,Neutral
510,already,40,0.0,0.0,Neutral
511,leavin,1,0.0,0.0,Neutral
512,wait,10,0.0,0.0,Neutral
513,couple,2,0.0,0.0,Neutral
514,month,2,0.0,0.0,Neutral
515,better,30,0.5,0.5,Positive
516,knock,7,0.0,0.0,Neutral
517,somethin,2,0.0,0.0,Neutral
518,hatin,1,0.0,0.0,Neutral
519,tonight,33,0.0,0.0,Neutral
520,machine,13,0.0,0.0,Neutral
521,table,3,0.0,0.0,Neutral
522,watchin,1,0.0,0.0,Neutral
523,kid,17,0.0,0.0,Neutral
524,fable,2,0.0,0.0,Neutral
525,luck,25,0.0,0.0,Neutral
526,money,31,0.0,0.0,Neutral
527,wishin,3,0.0,0.0,Neutral
528,raise,1,0.0,0.0,Neutral
529,petition,2,0.0,0.0,Neutral
530,stand,37,0.0,0.0,Neutral
531,wondering,7,0.0,0.0,Neutral
532,gonna,102,0.0,0.0,Neutral
533,sale,4,0.0,0.0,Neutral
534,part,14,0.0,0.0,Neutral
535,scared,8,0.0,0.0,Neutral
536,beast,2,0.0,0.0,Neutral
537,belly,2,0.0,0.0,Neutral
538,fill,2,0.0,0.0,Neutral
539,cup,7,0.0,0.0,Neutral
540,endless,3,-0.125,0.75,Negative
541,ambition,2,0.0,0.0,Neutral
542,paint,4,0.0,0.0,Neutral
543,town,3,0.0,0.0,Neutral
544,vision,3,0.0,0.0,Neutral
545,push,13,0.0,0.0,Neutral
546,broad,1,0.0625,0.3125,Positive
547,street,1,0.0,0.0,Neutral
548,met,16,0.0,0.0,Neutral
549,sake,2,0.0,0.0,Neutral
550,might,18,0.0,0.0,Neutral
551,rocky,1,0.0,0.0,Neutral
552,ruined,1,0.0,0.0,Neutral
553,date,1,0.0,0.0,Neutral
554,last,21,0.0,0.06666666666666667,Neutral
555,finally,15,0.0,1.0,Neutral
556,ran,5,0.0,0.0,Neutral
557,straight,9,0.2,0.4,Positive
558,lobby,1,0.0,0.0,Neutral
559,space,6,0.0,0.0,Neutral
560,roommate,2,0.0,0.0,Neutral
561,yea,8,0.0,0.0,Neutral
562,sunday,2,0.0,0.0,Neutral
563,minimum,1,0.0,0.0,Neutral
564,wage,2,0.0,0.0,Neutral
565,known,6,0.0,0.0,Neutral
566,another,11,0.0,0.0,Neutral
567,ask,10,0.0,0.0,Neutral
568,hey,110,0.0,0.0,Neutral
569,ok,4,0.5,0.5,Positive
570,dying,6,0.0,0.0,Neutral
571,restless,1,0.0,0.0,Neutral
572,tangled,1,0.0,0.0,Neutral
573,mattress,1,0.0,0.0,Neutral
574,morning,10,0.0,0.0,Neutral
575,dressed,2,0.0,0.0,Neutral
576,inch,2,0.0,0.0,Neutral
577,body,16,0.0,0.0,Neutral
578,waste,1,-0.2,0.0,Negative
579,r,1,0.0,0.0,Neutral
580,needed,9,0.0,0.0,Neutral
581,fine,17,0.4166666666666667,0.5,Positive
582,rather,4,0.0,0.0,Neutral
583,acting,4,0.0,0.0,Neutral
584,changed,3,0.0,0.0,Neutral
585,lose,20,0.0,0.0,Neutral
586,supposed,1,0.0,0.0,Neutral
587,open,20,0.0,0.5,Neutral
588,closing,1,0.0,0.0,Neutral
589,ripped,4,0.0,0.0,Neutral
590,mouth,3,0.0,0.0,Neutral
591,50,3,0.0,0.0,Neutral
592,party,12,0.0,0.0,Neutral
593,3am,2,0.0,0.0,Neutral
594,heartbeat,18,0.0,0.0,Neutral
595,bacardi,2,0.0,0.0,Neutral
596,sincerely,2,0.5,0.5,Positive
597,dude,2,0.0,0.0,Neutral
598,dad,3,0.0,0.0,Neutral
599,begged,1,0.0,0.0,Neutral
600,win,3,0.8,0.4,Positive
601,liked,2,0.6,0.8,Positive
602,anyways,1,0.0,0.0,Neutral
603,missed,1,0.0,0.0,Neutral
604,birthday,1,0.0,0.0,Neutral
605,made,51,0.0,0.0,Neutral
606,somehow,4,0.0,0.0,Neutral
607,anyway,1,0.0,0.0,Neutral
608,low,75,0.0,0.3,Neutral
609,tongue,6,0.0,0.0,Neutral
610,tied,9,0.0,0.0,Neutral
611,dream,33,0.0,0.0,Neutral
612,die,7,0.0,0.0,Neutral
613,fear,9,0.0,0.0,Neutral
614,shed,5,0.0,0.0,Neutral
615,carry,1,0.0,0.0,Neutral
616,mistake,11,0.0,0.0,Neutral
617,funny,4,0.25,1.0,Positive
618,hand,29,0.0,0.0,Neutral
619,bone,12,0.0,0.0,Neutral
620,lover,9,0.0,0.0,Neutral
621,fade,5,0.0,0.0,Neutral
622,place,11,0.0,0.0,Neutral
623,count,11,0.0,0.0,Neutral
624,blessing,9,0.0,0.0,Neutral
625,pay,11,0.0,0.0,Neutral
626,forward,2,0.0,0.0,Neutral
627,going,21,0.0,0.0,Neutral
628,learning,1,0.0,0.0,Neutral
629,hard,37,-0.2916666666666667,0.5416666666666666,Negative
630,slowly,9,-0.30000000000000004,0.39999999999999997,Negative
631,plan,3,0.0,0.0,Neutral
632,late,18,-0.3,0.6,Negative
633,gentleman,1,0.0,0.0,Neutral
634,even,34,0.0,0.0,Neutral
635,call,21,0.0,0.0,Neutral
636,car,9,0.0,0.0,Neutral
637,louisvuittons,1,0.0,0.0,Neutral
638,fucked,5,-0.6,0.7,Negative
639,favorite,1,0.5,1.0,Positive
640,dress,2,0.0,0.0,Neutral
641,pretend,7,0.0,0.0,Neutral
642,act,6,0.0,0.0,Neutral
643,defend,2,0.0,0.0,Neutral
644,explosion,4,0.0,0.0,Neutral
645,hidden,4,-0.16666666666666666,0.3333333333333333,Negative
646,argument,1,0.0,0.0,Neutral
647,shit,20,-0.2,0.8,Negative
648,spice,1,0.0,0.0,Neutral
649,conversation,2,0.0,0.0,Neutral
650,sick,2,-0.7142857142857143,0.8571428571428571,Negative
651,forth,1,0.0,0.0,Neutral
652,fight,6,0.0,0.0,Neutral
653,starting,6,0.0,0.1,Neutral
654,contagious,1,0.0,0.0,Neutral
655,parent,6,0.0,0.0,Neutral
656,grabbed,1,0.0,0.0,Neutral
657,hopin,6,0.0,0.0,Neutral
658,hymn,1,0.0,0.0,Neutral
659,weekend,2,0.0,0.0,Neutral
660,beyonc,6,0.0,0.0,Neutral
661,shoot,16,0.0,0.0,Neutral
662,across,14,0.0,0.0,Neutral
663,sky,12,0.0,0.0,Neutral
664,symphony,5,0.0,0.0,Neutral
665,coldplay,8,0.0,0.0,Neutral
666,angel,2,0.0,0.0,Neutral
667,sent,2,0.0,0.0,Neutral
668,came,9,0.0,0.0,Neutral
669,lift,1,0.0,0.0,Neutral
670,drug,4,0.0,0.0,Neutral
671,river,1,0.0,0.0,Neutral
672,dried,1,-0.2,0.6,Negative
673,rain,13,0.0,0.0,Neutral
674,flood,3,0.0,0.0,Neutral
675,thirsty,1,0.0,0.0,Neutral
676,poured,4,0.0,0.0,Neutral
677,wing,4,0.0,0.0,Neutral
678,heavy,3,-0.2,0.5,Negative
679,woo,1,0.0,0.0,Neutral
680,coursing,1,0.0,0.0,Neutral
681,blood,12,0.0,0.0,Neutral
682,star,12,0.0,0.0,Neutral
683,la,139,0.0,0.0,Neutral
684,dimension,1,0.0,0.0,Neutral
685,misdirected,1,0.0,0.0,Neutral
686,confusion,1,0.0,0.0,Neutral
687,nonstop,2,0.0,0.0,Neutral
688,seem,6,0.0,0.0,Neutral
689,maybe,15,0.0,0.0,Neutral
690,real,25,0.2,0.30000000000000004,Positive
691,stupid,8,-0.7999999999999999,1.0,Negative
692,anything,13,0.0,0.0,Neutral
693,market,1,0.0,0.0,Neutral
694,holding,6,0.0,0.0,Neutral
695,stressing,1,0.0,0.0,Neutral
696,color,1,0.0,0.0,Neutral
697,cure,1,0.0,0.0,Neutral
698,pain,25,0.0,0.0,Neutral
699,touch,27,0.0,0.0,Neutral
700,follow,8,0.0,0.0,Neutral
701,past,11,-0.25,0.25,Negative
702,satellite,2,0.0,0.0,Neutral
703,brought,2,0.0,0.0,Neutral
704,lo,34,0.0,0.0,Neutral
705,fading,2,0.0,0.0,Neutral
706,edge,1,0.0,0.0,Neutral
707,paradise,13,0.0,0.0,Neutral
708,skin,7,0.0,0.0,Neutral
709,holy,4,0.0,0.0,Neutral
710,grail,1,0.0,0.0,Neutral
711,set,8,0.0,0.0,Neutral
712,spinning,2,0.0,0.0,Neutral
713,clear,5,0.10000000000000002,0.3833333333333333,Positive
714,peanut,2,0.0,0.0,Neutral
715,butter,2,0.0,0.0,Neutral
716,waffle,2,0.0,0.0,Neutral
717,singing,10,0.0,0.0,Neutral
718,fickle,1,0.0,0.0,Neutral
719,antidote,1,0.0,0.0,Neutral
720,laying,1,0.0,0.0,Neutral
721,cannot,6,0.0,0.0,Neutral
722,remote,1,-0.1,0.2,Negative
723,flip,3,0.0,0.0,Neutral
724,midst,1,0.0,0.0,Neutral
725,august,1,0.0,0.0,Neutral
726,christmas,1,0.0,0.0,Neutral
727,list,1,0.0,0.0,Neutral
728,nice,7,0.6,1.0,Positive
729,rejection,2,0.0,0.0,Neutral
730,crazy,9,-0.6,0.9,Negative
731,price,3,0.0,0.0,Neutral
732,ecstatic,1,0.0,0.0,Neutral
733,blew,1,0.0,0.0,Neutral
734,big,4,0.0,0.1,Neutral
735,manic,1,0.0,0.0,Neutral
736,proud,4,0.8,1.0,Positive
737,quite,2,0.0,0.0,Neutral
738,learned,14,0.0,0.0,Neutral
739,dinner,1,0.0,0.0,Neutral
740,hiding,1,0.0,0.0,Neutral
741,castle,3,0.0,0.0,Neutral
742,styrofoam,1,0.0,0.0,Neutral
743,either,4,0.0,0.0,Neutral
744,balance,4,0.0,0.0,Neutral
745,home,22,0.0,0.0,Neutral
746,drinking,1,0.0,0.0,Neutral
747,coffee,4,0.0,0.0,Neutral
748,playing,3,0.0,0.0,Neutral
749,battleground,1,0.0,0.0,Neutral
750,overwatch,1,0.0,0.0,Neutral
751,volume,1,0.0,0.0,Neutral
752,trippy,1,0.0,0.0,Neutral
753,fridge,1,0.0,0.0,Neutral
754,buzz,1,0.0,0.0,Neutral
755,bro,1,0.0,0.0,Neutral
756,buying,1,0.0,0.0,Neutral
757,designer,1,0.0,0.0,Neutral
758,flexing,1,0.0,0.0,Neutral
759,bitch,6,0.0,0.0,Neutral
760,brand,1,0.0,0.0,Neutral
761,coulda,1,0.0,0.0,Neutral
762,bought,3,0.0,0.0,Neutral
763,puppy,1,0.0,0.0,Neutral
764,220,1,0.0,0.0,Neutral
765,brew,1,0.0,0.0,Neutral
766,personal,1,0.0,0.3,Neutral
767,small,2,-0.25,0.4,Negative
768,decision,3,0.0,0.0,Neutral
769,brush,2,0.0,0.0,Neutral
770,teeth,3,0.0,0.0,Neutral
771,blah,1,0.0,0.0,Neutral
772,born,8,0.0,0.0,Neutral
773,messed,1,0.0,0.0,Neutral
774,century,1,0.0,0.0,Neutral
775,favourite,1,0.0,0.0,Neutral
776,flavoured,1,0.0,0.0,Neutral
777,sweet,16,0.35,0.65,Positive
778,raspberry,1,0.0,0.0,Neutral
779,amphetamine,1,0.0,0.0,Neutral
780,beretta,1,0.0,0.0,Neutral
781,aged,1,-0.1,0.4,Negative
782,sixteen,1,0.0,0.0,Neutral
783,bleach,1,0.0,0.0,Neutral
784,cavity,1,0.0,0.0,Neutral
785,daddy,2,0.0,0.0,Neutral
786,gun,57,0.0,0.0,Neutral
787,dead,13,-0.2,0.4,Negative
788,gaffer,1,0.0,0.0,Neutral
789,tape,1,0.0,0.0,Neutral
790,locked,2,0.0,0.0,Neutral
791,went,3,0.0,0.0,Neutral
792,garden,1,0.0,0.0,Neutral
793,people,24,0.0,0.0,Neutral
794,survive,3,0.0,0.0,Neutral
795,toaster,1,0.0,0.0,Neutral
796,bath,1,0.0,0.0,Neutral
797,mum,1,0.0,0.0,Neutral
798,volt,1,0.0,0.0,Neutral
799,son,9,0.0,0.0,Neutral
800,casual,1,-0.5000000000000001,0.8666666666666667,Negative
801,affection,2,0.0,0.0,Neutral
802,lead,1,0.0,0.0,Neutral
803,sexual,1,0.5,0.8333333333333334,Positive
804,infection,1,0.0,0.0,Neutral
805,erection,1,0.0,0.0,Neutral
806,teacher,1,0.0,0.0,Neutral
807,preacher,1,0.0,0.0,Neutral
808,wash,1,0.0,0.0,Neutral
809,sin,1,0.0,0.0,Neutral
810,male,1,0.0,0.1,Neutral
811,cheerleader,1,0.0,0.0,Neutral
812,hi,1,0.0,0.0,Neutral
813,breathing,3,0.0,0.0,Neutral
814,tick,2,0.0,0.0,Neutral
815,tock,2,0.0,0.0,Neutral
816,clock,2,0.0,0.0,Neutral
817,shot,8,0.0,0.0,Neutral
818,fix,10,0.0,0.0,Neutral
819,cigarette,14,0.0,0.0,Neutral
820,pill,5,0.0,0.0,Neutral
821,liquor,1,0.0,0.0,Neutral
822,ill,1,-0.5,1.0,Negative
823,warned,3,0.0,0.0,Neutral
824,melt,1,0.0,0.0,Neutral
825,heard,5,0.0,0.0,Neutral
826,million,6,0.0,0.0,Neutral
827,followed,2,0.0,0.0,Neutral
828,warning,2,0.0,0.0,Neutral
829,sign,6,0.0,0.0,Neutral
830,none,5,0.0,0.0,Neutral
831,front,5,0.0,0.0,Neutral
832,send,5,0.0,0.0,Neutral
833,er,2,0.0,0.0,Neutral
834,stitch,12,0.0,0.0,Neutral
835,missing,7,-0.2,0.05,Negative
836,distance,7,0.0,0.0,Neutral
837,headache,4,0.0,0.0,Neutral
838,symptom,4,0.0,0.0,Neutral
839,rare,4,0.3,0.9,Positive
840,case,4,0.0,0.0,Neutral
841,dreamt,2,0.0,0.0,Neutral
842,woke,1,0.0,0.0,Neutral
843,ton,1,0.0,0.0,Neutral
844,black,9,-0.16666666666666666,0.43333333333333335,Negative
845,blue,9,0.0,0.1,Neutral
846,bruised,1,0.0,0.0,Neutral
847,tropical,7,0.0,0.0,Neutral
848,tomb,1,0.0,0.0,Neutral
849,breathe,20,0.0,0.0,Neutral
850,sheet,8,0.0,0.0,Neutral
851,deep,33,0.0,0.4,Neutral
852,drowning,8,0.0,0.0,Neutral
853,surrounding,6,0.0,0.0,Neutral
854,lasso,1,0.0,0.0,Neutral
855,wearing,1,0.0,0.0,Neutral
856,swimming,2,0.0,0.0,Neutral
857,mine,15,0.0,0.0,Neutral
858,bullet,22,0.0,0.0,Neutral
859,roman,1,0.0,0.0,Neutral
860,king,3,0.0,0.0,Neutral
861,romulus,1,0.0,0.0,Neutral
862,precipice,1,0.0,0.0,Neutral
863,final,1,0.0,1.0,Neutral
864,appraise,1,0.0,0.0,Neutral
865,augustus,1,0.0,0.0,Neutral
866,nero,1,0.0,0.0,Neutral
867,takin,1,0.0,0.0,Neutral
868,bipolar,2,0.0,0.0,Neutral
869,yes,6,0.0,0.0,Neutral
870,promise,4,0.0,0.0,Neutral
871,pull,12,0.0,0.0,Neutral
872,trigger,2,0.0,0.0,Neutral
873,sweat,6,0.0,0.0,Neutral
874,devil,2,0.0,0.0,Neutral
875,deal,1,0.0,0.0,Neutral
876,wear,1,0.0,0.0,Neutral
877,crown,1,0.0,0.0,Neutral
878,rise,4,0.0,0.0,Neutral
879,voice,3,0.0,0.0,Neutral
880,unheard,1,0.0,0.0,Neutral
881,lesson,12,0.0,0.0,Neutral
882,artist,1,0.0,0.0,Neutral
883,insane,1,-1.0,1.0,Negative
884,fame,3,0.0,0.0,Neutral
885,wealth,1,0.0,0.0,Neutral
886,sellout,3,0.0,0.0,Neutral
887,goodbye,25,0.0,0.0,Neutral
888,rocket,2,0.0,0.0,Neutral
889,losin,3,0.0,0.0,Neutral
890,keepin,1,0.0,0.0,Neutral
891,smoke,4,0.0,0.0,Neutral
892,burnin,1,0.0,0.0,Neutral
893,learnin,1,0.0,0.0,Neutral
894,4x,1,0.0,0.0,Neutral
895,fixed,29,0.1,0.2,Positive
896,shipwreck,1,0.0,0.0,Neutral
897,stopped,1,0.0,0.0,Neutral
898,anywhere,5,0.0,0.0,Neutral
899,storm,2,0.0,0.0,Neutral
900,took,8,0.0,0.0,Neutral
901,anytime,2,0.0,0.0,Neutral
902,apart,4,0.0,0.0,Neutral
903,undone,3,0.0,0.0,Neutral
904,stone,6,0.0,0.0,Neutral
905,calling,15,0.0,0.0,Neutral
906,ocean,6,0.0,0.0,Neutral
907,ghost,9,0.0,0.0,Neutral
908,hooked,1,0.0,0.0,Neutral
909,chained,1,0.0,0.0,Neutral
910,standing,11,0.0,0.0,Neutral
911,cliff,4,0.0,0.0,Neutral
912,kick,4,0.0,0.0,Neutral
913,live,13,0.13636363636363635,0.5,Positive
914,whatever,14,0.0,0.0,Neutral
915,falling,19,0.0,0.0,Neutral
916,fast,7,0.2,0.6,Positive
917,prepare,1,0.0,0.0,Neutral
918,tripping,4,0.0,0.0,Neutral
919,circling,1,0.0,0.0,Neutral
920,vulturous,1,0.0,0.0,Neutral
921,negative,1,-0.3,0.4,Negative
922,nepotist,1,0.0,0.0,Neutral
923,man,14,0.0,0.0,Neutral
924,racehorse,2,0.0,0.0,Neutral
925,ripcord,2,0.0,0.0,Neutral
926,build,7,0.0,0.0,Neutral
927,slip,6,0.0,0.0,Neutral
928,upon,3,0.0,0.0,Neutral
929,lip,13,0.0,0.0,Neutral
930,letter,2,0.0,0.0,Neutral
931,rip,5,0.0,0.0,Neutral
932,adrenaline,7,0.0,0.0,Neutral
933,vein,12,0.0,0.0,Neutral
934,typical,1,-0.16666666666666666,0.5,Negative
935,miserable,1,-1.0,1.0,Negative
936,hanging,7,0.0,0.0,Neutral
937,visual,1,0.0,0.0,Neutral
938,invisible,1,0.0,0.0,Neutral
939,martyrdom,1,0.0,0.0,Neutral
940,prodigal,1,0.0,0.0,Neutral
941,hypocritical,1,0.0,0.0,Neutral
942,egotistical,1,0.0,0.0,Neutral
943,parenthetical,1,0.0,0.0,Neutral
944,hypothetical,1,0.0,0.0,Neutral
945,epoxy,1,0.0,0.0,Neutral
946,apostrophe,1,0.0,0.0,Neutral
947,symbol,1,0.0,0.0,Neutral
948,remind,6,0.0,0.0,Neutral
949,product,1,0.0,0.0,Neutral
950,system,1,0.0,0.0,Neutral
951,yet,5,0.0,0.0,Neutral
952,masterpiece,1,0.0,0.0,Neutral
953,half,6,-0.16666666666666666,0.16666666666666666,Negative
954,diseased,1,-0.6,0.75,Negative
955,deceased,1,0.0,0.0,Neutral
956,least,2,-0.3,0.4,Negative
957,grave,1,0.0,0.0,Neutral
958,happily,1,0.8,1.0,Positive
959,thee,1,0.0,0.0,Neutral
960,ophelia,9,0.0,0.0,Neutral
961,ah,44,0.0,0.0,Neutral
962,younger,1,0.0,0.0,Neutral
963,remorse,2,0.0,0.0,Neutral
964,girlfriend,2,0.0,0.0,Neutral
965,blinder,1,0.0,0.0,Neutral
966,since,5,0.0,0.0,Neutral
967,heaven,10,0.0,0.0,Neutral
968,fool,17,0.0,0.0,Neutral
969,paycheck,1,0.0,0.0,Neutral
970,honey,7,0.0,0.0,Neutral
971,wrote,3,0.0,0.0,Neutral
972,colour,2,0.0,0.0,Neutral
973,cheek,1,0.0,0.0,Neutral
974,shift,1,0.0,0.0,Neutral
975,stick,4,0.0,0.0,Neutral
976,summat,1,0.0,0.0,Neutral
977,ace,1,0.0,0.0,Neutral
978,sleeve,1,0.0,0.0,Neutral
979,idea,1,0.0,0.0,Neutral
980,nearly,1,0.1,0.4,Positive
981,week,4,0.0,0.0,Neutral
982,secret,6,-0.4,0.7,Negative
983,tune,1,0.0,0.0,Neutral
984,repeat,5,0.0,0.0,Neutral
985,spilling,1,0.0,0.0,Neutral
986,settee,1,0.0,0.0,Neutral
987,flow,3,0.0,0.0,Neutral
988,sad,7,-0.5,1.0,Negative
989,sort,3,0.0,0.0,Neutral
990,mainly,3,0.16666666666666666,0.3333333333333333,Positive
991,crawling,9,0.0,0.0,Neutral
992,busy,8,0.1,0.3,Positive
993,gut,1,0.0,0.0,Neutral
994,shuts,1,0.0,0.0,Neutral
995,simmer,1,0.0,0.0,Neutral
996,pucker,1,0.0,0.0,Neutral
997,interrupt,1,0.0,0.0,Neutral
998,constantly,1,0.0,0.3333333333333333,Neutral
999,cusp,1,0.0,0.0,Neutral
1000,together,12,0.0,0.0,Neutral
1001,darling,3,0.0,0.0,Neutral
1002,complete,24,0.1,0.4,Positive
1003,evanescence,1,0.0,0.0,Neutral
1004,fleeting,1,0.0,0.0,Neutral
1005,flame,4,0.0,0.0,Neutral
1006,slide,2,0.0,0.0,Neutral
1007,hang,1,0.0,0.0,Neutral
1008,drift,1,0.0,0.0,Neutral
1009,question,5,0.0,0.0,Neutral
1010,darkness,2,0.0,0.0,Neutral
1011,felt,7,0.0,0.0,Neutral
1012,yellow,6,0.0,0.0,Neutral
1013,song,10,0.0,0.0,Neutral
1014,beautiful,5,0.85,1.0,Positive
1015,swam,1,0.0,0.0,Neutral
1016,jumped,2,0.0,0.0,Neutral
1017,drew,2,0.0,0.0,Neutral
1018,bleed,8,0.0,0.0,Neutral
1019,dry,3,-0.06666666666666665,0.6,Negative
1020,selfishness,1,0.0,0.0,Neutral
1021,drifting,1,0.0,0.0,Neutral
1022,soon,1,0.0,0.0,Neutral
1023,arrive,1,0.0,0.0,Neutral
1024,torch,2,0.0,0.0,Neutral
1025,chance,6,0.0,0.0,Neutral
1026,pathetic,1,-1.0,1.0,Negative
1027,regret,1,0.0,0.0,Neutral
1028,delete,1,0.0,0.0,Neutral
1029,reached,1,0.0,0.0,Neutral
1030,meant,16,0.0,0.0,Neutral
1031,cook,1,0.0,0.0,Neutral
1032,dish,3,0.0,0.0,Neutral
1033,record,1,0.0,0.0,Neutral
1034,game,9,-0.4,0.4,Negative
1035,taking,7,0.0,0.0,Neutral
1036,issue,1,0.0,0.0,Neutral
1037,bleeding,1,0.0,0.0,Neutral
1038,bandaids,1,0.0,0.0,Neutral
1039,tissue,1,0.0,0.0,Neutral
1040,kind,9,0.6,0.9,Positive
1041,romantic,2,0.0,0.5,Neutral
1042,overdramatic,1,0.0,0.0,Neutral
1043,perfect,6,1.0,1.0,Positive
1044,lot,3,0.0,0.0,Neutral
1045,simple,1,0.0,0.35714285714285715,Neutral
1046,complicated,1,-0.5,1.0,Negative
1047,five,10,0.0,0.0,Neutral
1048,review,1,0.0,0.0,Neutral
1049,ten,3,0.0,0.0,Neutral
1050,recommend,1,0.0,0.0,Neutral
1051,pressure,8,0.0,0.0,Neutral
1052,keeping,10,0.0,0.0,Neutral
1053,appearance,1,0.0,0.0,Neutral
1054,sometimes,22,0.0,0.0,Neutral
1055,woop,1,0.0,0.0,Neutral
1056,choice,1,0.0,0.0,Neutral
1057,taken,2,0.0,0.0,Neutral
1058,mom,7,0.0,0.0,Neutral
1059,advice,1,0.0,0.0,Neutral
1060,texting,2,0.0,0.0,Neutral
1061,sore,2,0.0,0.0,Neutral
1062,suddenly,4,0.0,0.5,Neutral
1063,hardcore,1,0.0,0.0,Neutral
1064,tattoo,5,0.0,0.0,Neutral
1065,typically,2,-0.16666666666666666,0.5,Negative
1066,actually,4,0.0,0.1,Neutral
1067,throwing,1,0.0,0.0,Neutral
1068,apartment,1,0.0,0.0,Neutral
1069,pic,1,0.0,0.0,Neutral
1070,orleans,1,0.0,0.0,Neutral
1071,pickup,1,0.0,0.0,Neutral
1072,point,2,0.0,0.0,Neutral
1073,packing,1,0.0,0.0,Neutral
1074,suitcase,1,0.0,0.0,Neutral
1075,card,3,0.0,0.0,Neutral
1076,pushed,2,0.0,0.0,Neutral
1077,heal,2,0.0,0.0,Neutral
1078,difference,2,0.0,0.0,Neutral
1079,deleted,1,0.0,0.0,Neutral
1080,photo,1,0.0,0.0,Neutral
1081,youngblood,8,0.0,0.0,Neutral
1082,til,5,0.0,0.0,Neutral
1083,surrender,1,0.0,0.0,Neutral
1084,beat,5,0.0,0.0,Neutral
1085,pulling,11,0.0,0.0,Neutral
1086,walking,20,0.0,0.0,Neutral
1087,hundred,1,0.0,0.0,Neutral
1088,mm,1,0.0,0.0,Neutral
1089,butterfly,7,0.0,0.0,Neutral
1090,choose,2,0.0,0.0,Neutral
1091,hide,7,0.0,0.0,Neutral
1092,confess,3,0.0,0.0,Neutral
1093,became,2,0.0,0.0,Neutral
1094,friendship,1,0.0,0.0,Neutral
1095,lowkey,5,0.0,0.0,Neutral
1096,wonder,5,0.0,0.0,Neutral
1097,cop,1,0.0,0.0,Neutral
1098,whiskey,1,0.0,0.0,Neutral
1099,downtown,1,0.0,0.0,Neutral
1100,liquid,1,0.0,0.0,Neutral
1101,courage,1,0.0,0.0,Neutral
1102,honest,1,0.6,0.9,Positive
1103,vibrate,1,0.0,0.0,Neutral
1104,catch,3,0.0,0.0,Neutral
1105,vibe,1,0.0,0.0,Neutral
1106,babe,6,0.0,0.0,Neutral
1107,sun,11,0.0,0.0,Neutral
1108,hush,2,0.0,0.0,Neutral
1109,anyone,3,0.0,0.0,Neutral
1110,till,18,0.0,0.0,Neutral
1111,waking,3,0.0,0.0,Neutral
1112,direction,1,0.0,0.0,Neutral
1113,sized,2,0.0,0.0,Neutral
1114,queen,2,0.0,0.0,Neutral
1115,wizard,1,0.0,0.0,Neutral
1116,tellin,2,0.0,0.0,Neutral
1117,bewitching,1,0.7,1.0,Positive
1118,bar,1,0.0,0.0,Neutral
1119,spell,3,0.0,0.0,Neutral
1120,really,33,0.2,0.2,Positive
1121,bullshit,1,0.0,0.0,Neutral
1122,poison,4,0.0,0.0,Neutral
1123,exclusive,1,0.0,0.0,Neutral
1124,tension,3,0.0,0.0,Neutral
1125,intense,1,0.2,1.0,Positive
1126,asteroid,1,0.0,0.0,Neutral
1127,discreet,1,0.0,0.0,Neutral
1128,dodge,1,0.0,0.0,Neutral
1129,tabloid,1,0.0,0.0,Neutral
1130,problem,13,0.0,0.0,Neutral
1131,fake,4,-0.5,1.0,Negative
1132,shooting,1,0.0,0.0,Neutral
1133,boulevard,1,0.0,0.0,Neutral
1134,scarred,1,0.0,0.0,Neutral
1135,pre,3,0.0,0.0,Neutral
1136,chorus,8,0.0,0.0,Neutral
1137,1,3,0.0,0.0,Neutral
1138,leaving,1,0.0,0.0,Neutral
1139,view,2,0.0,0.0,Neutral
1140,crowded,2,0.0,0.0,Neutral
1141,complicate,1,0.0,0.0,Neutral
1142,universe,52,0.0,0.0,Neutral
1143,2,3,0.0,0.0,Neutral
1144,pas,1,0.0,0.0,Neutral
1145,hello,2,0.0,0.0,Neutral
1146,grief,1,-0.8,0.2,Negative
1147,death,2,0.0,0.0,Neutral
1148,ecstasy,1,0.0,0.0,Neutral
1149,sea,3,0.0,0.0,Neutral
1150,sure,3,0.5,0.8888888888888888,Positive
1151,bulletproof,2,0.0,0.0,Neutral
1152,solid,2,0.0,0.1,Neutral
1153,jewel,2,0.0,0.0,Neutral
1154,unbreakable,7,0.0,0.0,Neutral
1155,bend,3,0.0,0.0,Neutral
1156,tulip,3,0.0,0.0,Neutral
1157,eyed,3,0.0,0.0,Neutral
1158,foolish,4,0.0,0.0,Neutral
1159,bruise,3,0.0,0.0,Neutral
1160,breakin,3,0.0,0.0,Neutral
1161,wire,30,0.0,0.0,Neutral
1162,dagger,3,0.0,0.0,Neutral
1163,pattern,3,0.0,0.0,Neutral
1164,shatter,3,0.0,0.0,Neutral
1165,battered,3,0.0,0.0,Neutral
1166,giving,19,0.0,0.0,Neutral
1167,belong,1,0.0,0.0,Neutral
1168,station,1,0.0,0.0,Neutral
1169,prince,1,0.0,0.0,Neutral
1170,dove,2,0.0,0.0,Neutral
1171,evergreen,5,0.0,0.0,Neutral
1172,leaf,5,0.0,0.0,Neutral
1173,rely,1,0.0,0.0,Neutral
1174,asking,6,0.0,0.0,Neutral
1175,afford,1,0.0,0.0,Neutral
1176,forest,1,0.0,0.0,Neutral
1177,tree,1,0.0,0.0,Neutral
1178,thunder,4,0.0,0.0,Neutral
1179,mystery,1,0.0,0.0,Neutral
1180,water,7,0.0,0.0,Neutral
1181,higher,10,0.25,0.5,Positive
1182,throughout,1,0.0,0.0,Neutral
1183,ohh,1,0.0,0.0,Neutral
1184,shrug,1,0.0,0.0,Neutral
1185,shoulder,1,0.0,0.0,Neutral
1186,slow,12,-0.30000000000000004,0.39999999999999997,Negative
1187,write,3,0.0,0.0,Neutral
1188,opinion,2,0.0,0.0,Neutral
1189,fit,1,0.4,0.4,Positive
1190,crack,9,0.0,0.0,Neutral
1191,snow,3,0.0,0.0,Neutral
1192,ship,2,0.0,0.0,Neutral
1193,departed,1,0.0,0.0,Neutral
1194,anxious,1,-0.25,1.0,Negative
1195,doctor,1,0.0,0.0,Neutral
1196,played,9,0.0,0.0,Neutral
1197,spin,1,0.0,0.0,Neutral
1198,needle,11,0.0,0.0,Neutral
1199,pin,1,0.0,0.0,Neutral
1200,brim,1,0.0,0.0,Neutral
1201,limb,1,0.0,0.0,Neutral
1202,mixing,1,0.0,0.0,Neutral
1203,checking,1,0.0,0.0,Neutral
1204,twice,4,0.0,0.0,Neutral
1205,breath,9,0.0,0.0,Neutral
1206,seize,2,0.0,0.0,Neutral
1207,camera,2,0.0,0.0,Neutral
1208,action,2,0.1,0.1,Positive
1209,scene,2,0.0,0.0,Neutral
1210,mercy,8,0.0,0.0,Neutral
1211,company,17,0.0,0.0,Neutral
1212,corner,1,0.0,0.0,Neutral
1213,role,1,0.0,0.0,Neutral
1214,riding,1,0.0,0.0,Neutral
1215,hole,1,0.0,0.0,Neutral
1216,bow,1,0.0,0.0,Neutral
1217,fun,10,0.3,0.2,Positive
1218,keem,1,0.0,0.0,Neutral
1219,strawberry,11,0.0,0.0,Neutral
1220,lied,4,0.0,0.0,Neutral
1221,fence,1,0.0,0.0,Neutral
1222,key,4,0.0,1.0,Neutral
1223,stared,1,0.0,0.0,Neutral
1224,daydream,3,0.0,0.0,Neutral
1225,sugar,3,0.0,0.0,Neutral
1226,taste,12,0.0,0.0,Neutral
1227,racing,3,0.0,0.0,Neutral
1228,60,3,0.0,0.0,Neutral
1229,jean,6,0.0,0.0,Neutral
1230,lighter,3,0.0,0.0,Neutral
1231,candy,3,0.0,0.0,Neutral
1232,taught,1,0.0,0.0,Neutral
1233,fate,4,0.0,0.0,Neutral
1234,cab,1,0.0,0.0,Neutral
1235,smell,1,0.0,0.0,Neutral
1236,holiday,2,0.0,0.0,Neutral
1237,wanting,3,0.0,0.0,Neutral
1238,shake,5,0.0,0.0,Neutral
1239,hunger,2,0.0,0.0,Neutral
1240,pleasure,3,0.0,0.0,Neutral
1241,runnin,4,0.0,0.0,Neutral
1242,beauty,4,0.0,0.0,Neutral
1243,drive,6,0.0,0.0,Neutral
1244,wild,7,0.1,0.4,Positive
1245,shy,1,-0.5,0.5,Negative
1246,number,27,0.0,0.0,Neutral
1247,seven,9,0.0,0.0,Neutral
1248,billion,8,0.0,0.0,Neutral
1249,almost,7,0.0,0.0,Neutral
1250,lived,6,0.0,0.0,Neutral
1251,begun,5,0.0,0.0,Neutral
1252,page,1,0.0,0.0,Neutral
1253,amazing,1,0.6000000000000001,0.9,Positive
1254,whole,5,0.2,0.4,Positive
1255,unexpected,1,0.1,1.0,Positive
1256,connected,1,0.0,0.0,Neutral
1257,resurrected,1,0.0,0.0,Neutral
1258,headed,2,0.0,0.0,Neutral
1259,ending,4,0.0,0.0,Neutral
1260,surrounded,3,0.0,0.0,Neutral
1261,unthinkable,1,-0.05,0.8,Negative
1262,miracle,1,0.0,0.0,Neutral
1263,moral,5,0.0,0.25,Neutral
1264,blindsided,1,0.0,0.0,Neutral
1265,addicted,3,-0.4,0.6,Negative
1266,hindsight,1,0.0,0.0,Neutral
1267,obvious,1,0.0,0.5,Neutral
1268,lawyer,1,0.0,0.0,Neutral
1269,guy,3,0.0,0.0,Neutral
1270,young,35,0.1,0.4,Positive
1271,memory,8,0.0,0.0,Neutral
1272,volatile,1,0.0,0.0,Neutral
1273,painted,1,0.0,0.0,Neutral
1274,house,10,0.0,0.0,Neutral
1275,grandparent,1,0.0,0.0,Neutral
1276,fought,2,0.0,0.0,Neutral
1277,mother,1,0.0,0.0,Neutral
1278,loved,9,0.7,0.8,Positive
1279,load,1,0.0,0.0,Neutral
1280,engaged,1,0.0,0.0,Neutral
1281,knife,2,0.0,0.0,Neutral
1282,alive,11,0.1,0.4,Positive
1283,quit,2,0.0,0.0,Neutral
1284,shaking,3,0.0,0.0,Neutral
1285,onto,3,0.0,0.0,Neutral
1286,knee,12,0.0,0.0,Neutral
1287,needing,9,0.0,0.0,Neutral
1288,aching,3,0.0,0.0,Neutral
1289,begging,4,0.0,0.0,Neutral
1290,moth,1,0.0,0.0,Neutral
1291,drawn,1,0.0,0.0,Neutral
1292,lured,1,0.0,0.0,Neutral
1293,sense,2,0.0,0.0,Neutral
1294,bitter,1,-0.1,0.5,Negative
1295,reap,2,0.0,0.0,Neutral
1296,sow,2,0.0,0.0,Neutral
1297,thread,7,0.0,0.0,Neutral
1298,insomnia,13,0.0,0.0,Neutral
1299,arm,5,0.0,0.0,Neutral
1300,tylenol,1,0.0,0.0,Neutral
1301,pm,1,0.0,0.0,Neutral
1302,workin,1,0.0,0.0,Neutral
1303,track,1,0.0,0.0,Neutral
1304,lurkin,1,0.0,0.0,Neutral
1305,reaching,4,0.0,0.0,Neutral
1306,tossing,4,0.0,0.0,Neutral
1307,turning,7,0.0,0.0,Neutral
1308,flipping,2,0.0,0.0,Neutral
1309,pillow,2,0.0,0.0,Neutral
1310,curtain,2,0.0,0.0,Neutral
1311,setting,3,0.0,0.0,Neutral
1312,cruise,3,0.0,0.0,Neutral
1313,pacin,1,0.0,0.0,Neutral
1314,blame,5,0.0,0.0,Neutral
1315,facin,1,0.0,0.0,Neutral
1316,standin,2,0.0,0.0,Neutral
1317,porch,2,0.0,0.0,Neutral
1318,sayin,7,0.0,0.0,Neutral
1319,fresh,3,0.3,0.5,Positive
1320,read,1,0.0,0.0,Neutral
1321,speed,2,0.0,0.0,Neutral
1322,detest,1,0.0,0.0,Neutral
1323,bit,3,0.0,0.0,Neutral
1324,difficult,1,-0.5,1.0,Negative
1325,terror,1,0.0,0.0,Neutral
1326,prey,1,0.0,0.0,Neutral
1327,innocent,4,0.5,0.7,Positive
1328,victim,2,-0.07500000000000001,0.05,Negative
1329,darlin,6,0.0,0.0,Neutral
1330,loveless,1,0.0,0.0,Neutral
1331,integrity,1,0.0,0.0,Neutral
1332,faith,3,0.0,0.0,Neutral
1333,crocodile,1,0.0,0.0,Neutral
1334,tearing,2,0.0,0.0,Neutral
1335,seam,2,0.0,0.0,Neutral
1336,escape,2,0.0,0.0,Neutral
1337,erase,2,0.0,0.0,Neutral
1338,happiness,1,0.7,0.2,Positive
1339,askin,4,0.0,0.0,Neutral
1340,war,3,0.0,0.0,Neutral
1341,nowhere,3,0.0,0.0,Neutral
1342,paper,1,0.0,0.0,Neutral
1343,pen,1,0.0,0.0,Neutral
1344,understood,1,0.0,0.0,Neutral
1345,irony,1,0.0,0.0,Neutral
1346,sleeping,2,0.0,0.0,Neutral
1347,dumb,5,-0.375,0.5,Negative
1348,afraid,4,-0.6,0.9,Negative
1349,demon,5,0.0,0.0,Neutral
1350,kicking,3,0.0,0.0,Neutral
1351,screaming,6,0.0,0.0,Neutral
1352,behind,6,-0.4,0.7,Negative
1353,save,9,0.0,0.0,Neutral
1354,gotcha,3,0.0,0.0,Neutral
1355,step,7,0.0,0.0,Neutral
1356,shut,6,0.0,0.0,Neutral
1357,2x,2,0.0,0.0,Neutral
1358,scar,9,0.0,0.0,Neutral
1359,prove,1,0.0,0.0,Neutral
1360,showing,1,0.0,0.0,Neutral
1361,sanity,1,0.0,0.0,Neutral
1362,suicide,3,0.0,0.0,Neutral
1363,legend,10,0.0,0.0,Neutral
1364,saved,4,0.0,0.0,Neutral
1365,pretty,24,0.25,1.0,Positive
1366,motivator,1,0.0,0.0,Neutral
1367,changin,1,0.0,0.0,Neutral
1368,behavior,1,0.0,0.0,Neutral
1369,lady,1,0.0,0.0,Neutral
1370,operator,1,0.0,0.0,Neutral
1371,dialin,1,0.0,0.0,Neutral
1372,throwin,3,0.0,0.0,Neutral
1373,livin,6,0.0,0.0,Neutral
1374,disaster,1,0.0,0.0,Neutral
1375,answer,6,0.0,0.0,Neutral
1376,master,3,0.0,0.0,Neutral
1377,weigh,1,0.0,0.0,Neutral
1378,devotion,2,0.0,0.0,Neutral
1379,dreamworld,4,0.0,0.0,Neutral
1380,middle,22,0.0,0.0,Neutral
1381,stair,1,0.0,0.0,Neutral
1382,cabinet,1,0.0,0.0,Neutral
1383,bare,3,0.05,0.1,Positive
1384,unaware,1,0.0,0.5,Neutral
1385,aggressive,2,0.0,0.0,Neutral
1386,intention,2,0.0,0.0,Neutral
1387,minute,6,0.0,0.0,Neutral
1388,kitchen,4,0.0,0.0,Neutral
1389,wet,1,-0.1,0.4,Negative
1390,tap,1,0.0,0.0,Neutral
1391,admission,1,0.0,0.0,Neutral
1392,regardless,1,0.0,0.0,Neutral
1393,objection,1,0.0,0.0,Neutral
1394,pride,4,0.0,0.0,Neutral
1395,sober,15,0.1,0.2,Positive
1396,dip,1,0.0,0.0,Neutral
1397,beer,1,0.0,0.0,Neutral
1398,crawl,2,0.0,0.0,Neutral
1399,following,1,0.0,0.1,Neutral
1400,definitely,1,0.0,0.5,Neutral
1401,nineteen,3,0.0,0.0,Neutral
1402,twenty,3,0.0,0.0,Neutral
1403,weak,3,-0.375,0.625,Negative
1404,wow,3,0.1,1.0,Positive
1405,downed,3,0.0,0.0,Neutral
1406,music,3,0.0,0.0,Neutral
1407,loud,3,0.1,0.8,Positive
1408,trade,3,0.0,0.0,Neutral
1409,rover,3,0.0,0.0,Neutral
1410,beg,1,0.0,0.0,Neutral
1411,roller,1,0.0,0.0,Neutral
1412,coaster,1,0.0,0.0,Neutral
1413,bounce,1,0.0,0.0,Neutral
1414,honestly,1,0.6,0.9,Positive
1415,unstoppable,14,0.0,0.0,Neutral
1416,pumping,1,0.0,0.0,Neutral
1417,battle,1,0.0,0.0,Neutral
1418,hero,6,0.0,0.0,Neutral
1419,everywhere,6,0.0,0.0,Neutral
1420,swinging,3,0.0,0.0,Neutral
1421,ali,3,0.0,0.0,Neutral
1422,knocking,3,0.0,0.0,Neutral
1423,champion,3,0.0,0.0,Neutral
1424,silver,3,0.0,0.0,Neutral
1425,impossible,3,-0.6666666666666666,1.0,Negative
1426,woah,37,0.0,0.0,Neutral
1427,spotlight,1,0.0,0.0,Neutral
1428,byte,1,0.0,0.0,Neutral
1429,fuel,1,0.0,0.0,Neutral
1430,anybody,1,0.0,0.0,Neutral
1431,lunatic,1,0.0,0.0,Neutral
1432,stake,1,0.0,0.0,Neutral
1433,treat,1,0.0,0.0,Neutral
1434,clarity,1,0.0,0.0,Neutral
1435,ignore,1,0.0,0.0,Neutral
1436,honesty,1,0.0,0.0,Neutral
1437,exactly,2,0.25,0.25,Positive
1438,become,3,0.0,0.0,Neutral
1439,summer,13,0.0,0.0,Neutral
1440,depression,17,0.0,0.0,Neutral
1441,teenage,2,0.0,0.0,Neutral
1442,emotional,2,0.0,0.65,Neutral
1443,social,2,0.03333333333333333,0.06666666666666667,Positive
1444,anxiety,2,0.0,0.0,Neutral
1445,normal,1,0.15,0.6499999999999999,Positive
1446,outside,1,0.0,0.05,Neutral
1447,disappear,2,0.0,0.0,Neutral
1448,worst,2,-1.0,1.0,Negative
1449,habit,1,0.0,0.0,Neutral
1450,sadness,1,0.0,0.0,Neutral
1451,london,1,0.0,0.0,Neutral
1452,sweeter,1,0.0,0.0,Neutral
1453,daughter,1,0.0,0.0,Neutral
1454,meaning,1,0.0,0.0,Neutral
1455,grace,2,0.0,0.0,Neutral
1456,ohhh,11,0.0,0.0,Neutral
1457,piece,4,0.0,0.0,Neutral
1458,warm,1,0.6,0.6,Positive
1459,blanket,1,0.0,0.0,Neutral
1460,tank,3,0.0,0.0,Neutral
1461,e,8,0.0,0.0,Neutral
1462,splinter,1,0.0,0.0,Neutral
1463,plenty,1,0.0,0.0,Neutral
1464,gas,1,0.0,0.0,Neutral
1465,tender,1,0.0,0.0,Neutral
1466,forever,13,0.0,0.0,Neutral
1467,sunshine,2,0.0,0.0,Neutral
1468,crush,2,0.0,0.0,Neutral
1469,blush,1,0.0,0.0,Neutral
1470,scratch,3,0.0,0.0,Neutral
1471,surface,3,0.0,0.0,Neutral
1472,lick,3,0.0,0.0,Neutral
1473,wound,3,0.0,0.0,Neutral
1474,poke,3,0.0,0.0,Neutral
1475,cash,3,0.0,0.0,Neutral
1476,earned,1,0.0,0.0,Neutral
1477,crash,1,0.0,0.0,Neutral
1478,checkered,1,0.0,0.0,Neutral
1479,owe,1,0.0,0.0,Neutral
1480,chase,4,0.0,0.0,Neutral
1481,melody,5,0.0,0.0,Neutral
1482,tight,7,-0.17857142857142858,0.2857142857142857,Negative
1483,photograph,1,0.0,0.0,Neutral
1484,fragile,1,0.0,0.5,Neutral
1485,glass,1,0.0,0.0,Neutral
1486,future,3,0.0,0.125,Neutral
1487,full,4,0.35,0.55,Positive
1488,spark,1,0.0,0.0,Neutral
1489,fired,1,0.0,0.0,Neutral
1490,sail,1,0.0,0.0,Neutral
1491,age,1,0.0,0.0,Neutral
1492,sulking,1,0.0,0.0,Neutral
1493,mass,1,0.0,0.0,Neutral
1494,writing,1,0.0,0.0,Neutral
1495,poem,1,0.0,0.0,Neutral
1496,shook,1,0.0,0.0,Neutral
1497,heartache,1,0.0,0.0,Neutral
1498,message,1,0.0,0.0,Neutral
1499,speaking,1,0.0,0.0,Neutral
1500,brain,4,0.0,0.0,Neutral
1501,third,2,0.0,0.0,Neutral
1502,prayer,9,0.0,0.0,Neutral
1503,spirit,4,0.0,0.0,Neutral
1504,choking,1,0.0,0.0,Neutral
1505,building,2,0.0,0.0,Neutral
1506,cloud,1,0.0,0.0,Neutral
1507,ash,1,0.0,0.0,Neutral
1508,drown,4,0.0,0.0,Neutral
1509,ebbing,2,0.0,0.0,Neutral
1510,flowing,2,0.0,0.0,Neutral
1511,inhibited,2,0.0,0.0,Neutral
1512,limited,2,-0.07142857142857142,0.14285714285714285,Negative
1513,broke,16,0.0,0.0,Neutral
1514,rained,4,0.0,0.0,Neutral
1515,west,9,0.0,0.0,Neutral
1516,coast,9,0.0,0.0,Neutral
1517,spend,3,0.0,0.0,Neutral
1518,lay,6,0.0,0.0,Neutral
1519,worse,1,-0.4,0.6,Negative
1520,weather,1,0.0,0.0,Neutral
1521,cursin,1,0.0,0.0,Neutral
1522,wishing,4,0.0,0.0,Neutral
1523,superman,2,0.0,0.0,Neutral
1524,strong,2,0.4333333333333333,0.7333333333333333,Positive
1525,wave,2,0.0,0.0,Neutral
1526,cried,3,0.0,0.0,Neutral
1527,grant,1,0.0,0.0,Neutral
1528,ignored,1,0.0,0.0,Neutral
1529,casually,1,-0.5000000000000001,0.8666666666666667,Negative
1530,confident,3,0.5,0.8333333333333334,Positive
1531,stress,1,0.0,0.0,Neutral
1532,politics,1,0.0,0.0,Neutral
1533,deficit,1,0.0,0.0,Neutral
1534,bill,1,0.0,0.0,Neutral
1535,overage,1,0.0,0.0,Neutral
1536,screamin,1,0.0,0.0,Neutral
1537,hollerin,1,0.0,0.0,Neutral
1538,shattered,4,0.0,0.0,Neutral
1539,overlook,1,0.0,0.0,Neutral
1540,mud,1,0.0,0.0,Neutral
1541,effortless,1,0.0,0.0,Neutral
1542,innocence,1,0.0,0.0,Neutral
1543,privilege,1,0.0,0.0,Neutral
1544,deck,1,0.0,0.0,Neutral
1545,vice,1,0.0,0.0,Neutral
1546,thank,3,0.0,0.0,Neutral
1547,capture,3,0.0,0.0,Neutral
1548,bright,4,0.7000000000000001,0.7999999999999999,Positive
1549,infinity,3,0.0,0.0,Neutral
1550,maeil,1,0.0,0.0,Neutral
1551,bam,1,0.0,0.0,Neutral
1552,nege,1,0.0,0.0,Neutral
1553,naraga,2,0.0,0.0,Neutral
1554,ga,1,0.0,0.0,Neutral
1555,kkumiran,1,0.0,0.0,Neutral
1556,geotdo,1,0.0,0.0,Neutral
1557,ijeun,1,0.0,0.0,Neutral
1558,chae,1,0.0,0.0,Neutral
1559,na,38,0.0,0.0,Neutral
1560,useumyeo,1,0.0,0.0,Neutral
1561,neoreul,2,0.0,0.0,Neutral
1562,manna,1,0.0,0.0,Neutral
1563,eodumi,1,0.0,0.0,Neutral
1564,naegen,1,0.0,0.0,Neutral
1565,deo,1,0.0,0.0,Neutral
1566,pyeonhaesseotji,1,0.0,0.0,Neutral
1567,gireojin,1,0.0,0.0,Neutral
1568,geurimja,1,0.0,0.0,Neutral
1569,sogeseo,1,0.0,0.0,Neutral
1570,different,10,0.0,0.6,Neutral
1571,nareul,1,0.0,0.0,Neutral
1572,balkyeojuneun,1,0.0,0.0,Neutral
1573,geon,1,0.0,0.0,Neutral
1574,neoran,1,0.0,0.0,Neutral
1575,sarangeuro,1,0.0,0.0,Neutral
1576,su,1,0.0,0.0,Neutral
1577,noajin,1,0.0,0.0,Neutral
1578,byeol,1,0.0,0.0,Neutral
1579,nae,3,0.0,0.0,Neutral
1580,ujuui,1,0.0,0.0,Neutral
1581,neon,1,0.0,0.0,Neutral
1582,tto,1,0.0,0.0,Neutral
1583,dareun,1,0.0,0.0,Neutral
1584,sesangeul,1,0.0,0.0,Neutral
1585,mandeureo,1,0.0,0.0,Neutral
1586,juneun,1,0.0,0.0,Neutral
1587,geol,1,0.0,0.0,Neutral
1588,neoneun,2,0.0,0.0,Neutral
1589,byeorija,1,0.0,0.0,Neutral
1590,naui,1,0.0,0.0,Neutral
1591,ujunikka,1,0.0,0.0,Neutral
1592,jigeum,1,0.0,0.0,Neutral
1593,siryeondo,1,0.0,0.0,Neutral
1594,gyeolgugen,1,0.0,0.0,Neutral
1595,jamsinikka,1,0.0,0.0,Neutral
1596,eonjekkajina,1,0.0,0.0,Neutral
1597,jigeumcheoreom,1,0.0,0.0,Neutral
1598,balgeman,1,0.0,0.0,Neutral
1599,binnajwo,1,0.0,0.0,Neutral
1600,urineun,1,0.0,0.0,Neutral
1601,ttara,1,0.0,0.0,Neutral
1602,gin,1,0.0,0.0,Neutral
1603,bameul,1,0.0,0.0,Neutral
1604,sunoeul,1,0.0,0.0,Neutral
1605,geoya,1,0.0,0.0,Neutral
1606,neowa,1,0.0,0.0,Neutral
1607,hamkke,1,0.0,0.0,Neutral
1608,ja,1,0.0,0.0,Neutral
1609,eoseo,1,0.0,0.0,Neutral
1610,soneul,1,0.0,0.0,Neutral
1611,jaba,1,0.0,0.0,Neutral
1612,korean,1,0.0,0.0,Neutral
1613,english,1,0.0,0.0,Neutral
1614,translation,1,0.0,0.0,Neutral
1615,comfortable,1,0.4,0.8,Positive
1616,brightens,1,0.0,0.0,Neutral
1617,embroidered,1,0.0,0.0,Neutral
1618,hardship,1,0.0,0.0,Neutral
1619,brief,1,0.0,0.3333333333333333,Neutral
1620,lipstick,1,0.0,0.0,Neutral
1621,stain,1,0.0,0.0,Neutral
1622,cleaning,1,0.0,0.0,Neutral
1623,today,1,0.0,0.0,Neutral
1624,zeppelin,1,0.0,0.0,Neutral
1625,shirt,1,0.0,0.0,Neutral
1626,wore,1,0.0,0.0,Neutral
1627,foot,2,0.0,0.0,Neutral
1628,chemical,8,0.0,0.0,Neutral
1629,pool,2,0.0,0.0,Neutral
1630,empty,2,-0.1,0.5,Negative
1631,coming,3,0.0,0.0,Neutral
1632,summertime,3,0.0,0.0,Neutral
1633,caramel,3,0.0,0.0,Neutral
1634,bungee,1,0.0,0.0,Neutral
1635,jumping,1,0.0,0.0,Neutral
1636,jet,1,0.0,0.0,Neutral
1637,plane,1,0.0,0.0,Neutral
1638,state,1,0.0,0.0,Neutral
1639,superpower,1,0.0,0.0,Neutral
1640,bruce,1,0.0,0.0,Neutral
1641,wayne,1,0.0,0.0,Neutral
1642,cheque,1,0.0,0.0,Neutral
1643,gone,9,0.0,0.0,Neutral
1644,echo,3,0.0,0.0,Neutral
1645,chose,1,0.0,0.0,Neutral
1646,irrelevant,1,-0.5,1.0,Negative
1647,cheating,1,0.0,0.0,Neutral
1648,momma,2,0.0,0.0,Neutral
1649,couch,2,0.0,0.0,Neutral
1650,2012,1,0.0,0.0,Neutral
1651,nothin,7,0.0,0.0,Neutral
1652,serious,1,-0.3333333333333333,0.6666666666666666,Negative
1653,cheatin,12,0.0,0.0,Neutral
1654,cocky,1,-0.2,0.9,Negative
1655,admit,3,0.0,0.0,Neutral
1656,fountain,9,0.0,0.0,Neutral
1657,lovely,1,0.5,0.75,Positive
1658,quarter,1,0.0,0.0,Neutral
1659,touching,1,0.5,0.5,Positive
1660,grabbing,3,0.0,0.0,Neutral
1661,hip,2,0.0,0.0,Neutral
1662,kissing,3,0.0,0.0,Neutral
1663,whispering,2,0.0,0.0,Neutral
1664,built,3,0.0,0.0,Neutral
1665,handle,1,0.0,0.0,Neutral
1666,goodluck,1,0.0,0.0,Neutral
1667,hated,1,-0.9,0.7,Negative
1668,bothered,1,0.0,0.0,Neutral
1669,compare,4,0.0,0.0,Neutral
1670,deeply,2,0.0,0.4,Neutral
1671,hell,4,0.0,0.0,Neutral
1672,argue,2,0.0,0.0,Neutral
1673,paid,1,0.0,0.0,Neutral
1674,killed,1,-0.2,0.0,Negative
1675,blamin,3,0.0,0.0,Neutral
1676,haha,3,0.2,0.3,Positive
1677,shredded,1,0.0,0.0,Neutral
1678,embarrassed,1,0.0,0.0,Neutral
1679,confidence,1,0.0,0.0,Neutral
1680,making,4,0.0,0.0,Neutral
1681,toe,1,0.0,0.0,Neutral
1682,begin,2,0.0,0.0,Neutral
1683,sway,1,0.0,0.0,Neutral
1684,friday,2,0.0,0.0,Neutral
1685,blind,4,-0.5,0.6666666666666666,Negative
1686,lullaby,1,0.0,0.0,Neutral
1687,sigh,1,0.0,0.0,Neutral
1688,news,1,0.0,0.0,Neutral
1689,prays,1,0.0,0.0,Neutral
1690,tower,1,0.0,0.0,Neutral
1691,beggin,3,0.0,0.0,Neutral
1692,boston,1,0.0,0.0,Neutral
1693,bomb,1,0.0,0.0,Neutral
1694,aside,1,0.0,0.0,Neutral
1695,vacuum,2,-0.008333333333333333,0.0,Negative
1696,cleaner,2,0.0,0.0,Neutral
1697,ford,2,0.0,0.0,Neutral
1698,cortina,2,0.0,0.0,Neutral
1699,pot,1,0.0,0.0,Neutral
1700,held,2,0.0,0.0,Neutral
1701,harder,2,-0.1,0.0,Negative
1702,leccy,1,0.0,0.0,Neutral
1703,meter,1,0.0,0.0,Neutral
1704,portable,1,0.0,0.0,Neutral
1705,heater,1,0.0,0.0,Neutral
1706,lotion,1,0.0,0.0,Neutral
1707,hair,3,0.0,0.0,Neutral
1708,pacific,1,0.0,0.0,Neutral
1709,idgaf,1,0.0,0.0,Neutral
1710,friendly,1,0.375,0.5,Positive
1711,business,1,0.0,0.0,Neutral
1712,yesterday,1,0.0,0.0,Neutral
1713,movin,2,0.0,0.0,Neutral
1714,creepin,1,0.0,0.0,Neutral
1715,blamed,1,0.0,0.0,Neutral
1716,alcohol,1,0.0,0.0,Neutral
1717,switch,1,0.0,0.0,Neutral
1718,position,1,0.0,0.0,Neutral
1719,tryna,10,0.0,0.0,Neutral
1720,tch,2,0.0,0.0,Neutral
1721,reminiscin,1,0.0,0.0,Neutral
1722,shoulda,1,0.0,0.0,Neutral
1723,reason,8,0.0,0.0,Neutral
1724,nerve,3,0.0,0.0,Neutral
1725,awhile,1,0.0,0.0,Neutral
1726,denial,1,0.0,0.0,Neutral
1727,moved,2,0.0,0.0,Neutral
1728,quicker,1,0.0,0.0,Neutral
1729,stare,1,0.0,0.0,Neutral
1730,happen,3,0.0,0.0,Neutral
1731,rolling,17,0.0,0.0,Neutral
1732,fever,6,0.0,0.0,Neutral
1733,pitch,2,0.0,0.0,Neutral
1734,bringing,2,0.0,0.0,Neutral
1735,crystal,1,0.0,0.0,Neutral
1736,version,2,0.0,0.0,Neutral
1737,sell,2,0.0,0.0,Neutral
1738,explicit,1,0.0,0.0,Neutral
1739,underestimate,1,0.0,0.0,Neutral
1740,breathless,2,0.0,0.0,Neutral
1741,burn,3,0.0,0.0,Neutral
1742,depth,1,0.0,0.0,Neutral
1743,despair,1,0.0,0.0,Neutral
1744,shared,1,0.0,0.0,Neutral
1745,beating,9,0.0,0.0,Neutral
1746,sorrow,1,0.0,0.0,Neutral
1747,treasured,1,0.0,0.0,Neutral
1748,peer,6,0.0,0.0,Neutral
1749,text,1,0.0,0.0,Neutral
1750,2am,1,0.0,0.0,Neutral
1751,halfway,1,0.0,0.0,Neutral
1752,testing,1,0.0,0.0,Neutral
1753,everytime,1,0.0,0.0,Neutral
1754,touchin,1,0.0,0.0,Neutral
1755,teasing,2,0.0,0.0,Neutral
1756,mmm,22,0.0,0.0,Neutral
1757,sunflower,20,0.0,0.0,Neutral
1758,headshake,1,0.0,0.0,Neutral
1759,toothpaste,1,0.0,0.0,Neutral
1760,hung,1,0.0,0.0,Neutral
1761,gallery,1,0.0,0.0,Neutral
1762,flower,1,0.0,0.0,Neutral
1763,died,2,0.0,0.0,Neutral
1764,plant,1,0.0,0.0,Neutral
1765,seed,1,0.0,0.0,Neutral
1766,takeaway,17,0.0,0.0,Neutral
1767,doubt,1,0.0,0.0,Neutral
1768,shelf,1,0.0,0.0,Neutral
1769,scream,5,0.0,0.0,Neutral
1770,fallen,2,0.0,0.0,Neutral
1771,breakout,3,0.0,0.0,Neutral
1772,puppet,1,0.0,0.0,Neutral
1773,string,1,0.0,0.0,Neutral
1774,ago,1,0.0,0.0,Neutral
1775,settled,1,0.0,0.0,Neutral
1776,aloud,1,0.0,0.0,Neutral
1777,selfish,2,-0.5,1.0,Negative
1778,tie,3,0.0,0.0,Neutral
1779,tricking,1,0.0,0.0,Neutral
1780,fixing,1,0.0,0.0,Neutral
1781,champagne,6,0.0,0.0,Neutral
1782,entourage,4,0.0,0.0,Neutral
1783,rooftop,4,0.0,0.0,Neutral
1784,n,4,0.0,0.0,Neutral
1785,roll,4,0.0,0.0,Neutral
1786,prozac,1,0.0,0.0,Neutral
1787,align,1,0.0,0.0,Neutral
1788,forgot,3,0.0,0.0,Neutral
1789,decorates,1,0.0,0.0,Neutral
1790,raven,1,0.0,0.0,Neutral
1791,draw,1,0.0,0.0,Neutral
1792,ex,1,0.0,0.0,Neutral
1793,brag,1,0.0,0.0,Neutral
1794,rant,1,0.0,0.0,Neutral
1795,special,1,0.35714285714285715,0.5714285714285714,Positive
1796,glitter,3,0.0,0.0,Neutral
1797,sold,2,0.0,0.0,Neutral
1798,cruel,5,-1.0,1.0,Negative
1799,material,4,0.0,0.0,Neutral
1800,cost,1,0.0,0.0,Neutral
1801,easily,1,0.43333333333333335,0.8333333333333334,Positive
1802,whoa,9,0.0,0.0,Neutral
1803,raging,1,0.0,0.0,Neutral
1804,leap,1,0.0,0.0,Neutral
1805,roar,1,0.0,0.0,Neutral
1806,course,1,0.0,0.0,Neutral
1807,expectation,2,0.0,0.0,Neutral
1808,listens,2,0.0,0.0,Neutral
1809,neck,3,0.0,0.0,Neutral
1810,eah,32,0.0,0.0,Neutral
1811,nod,1,0.0,0.0,Neutral
1812,fault,1,0.0,0.0,Neutral
1813,harry,2,0.0,0.0,Neutral
1814,goodnight,1,0.0,0.0,Neutral
1815,holdin,2,0.0,0.0,Neutral
1816,gravity,1,0.0,0.0,Neutral
1817,palm,1,0.0,0.0,Neutral
1818,seems,1,0.0,0.0,Neutral
1819,replaced,1,0.0,0.0,Neutral
1820,sitting,2,0.0,0.0,Neutral
1821,ringin,1,0.0,0.0,Neutral
1822,bell,1,0.0,0.0,Neutral
1823,internet,1,0.0,0.0,Neutral
1824,america,1,0.0,0.0,Neutral
1825,untold,1,0.0,0.0,Neutral
1826,beaten,1,0.0,0.0,Neutral
1827,chasing,3,0.0,0.0,Neutral
1828,escaping,1,0.0,0.0,Neutral
1829,skyline,3,0.0,0.0,Neutral
1830,reminds,3,0.0,0.0,Neutral
1831,longing,1,0.0,0.0,Neutral
1832,howling,1,0.0,0.0,Neutral
1833,afar,1,0.0,0.0,Neutral
1834,fighting,1,0.0,0.0,Neutral
1835,afloat,1,0.0,0.1,Neutral
1836,mountainside,2,0.0,0.0,Neutral
1837,northern,1,0.0,0.0,Neutral
1838,city,4,0.0,0.0,Neutral
1839,staring,1,0.0,0.0,Neutral
1840,grow,1,0.0,0.0,Neutral
1841,dime,1,0.0,0.0,Neutral
1842,lord,1,0.0,0.0,Neutral
1843,4,1,0.0,0.0,Neutral
1844,5,1,0.0,0.0,Neutral
1845,rising,7,0.0,0.0,Neutral
1846,shining,1,0.0,0.0,Neutral
1847,beside,2,0.0,0.0,Neutral
1848,hour,1,0.0,0.0,Neutral
1849,booked,1,0.0,0.0,Neutral
1850,restaurant,1,0.0,0.0,Neutral
1851,eat,1,0.0,0.0,Neutral
1852,buy,1,0.0,0.0,Neutral
1853,fucking,1,-0.6,0.8,Negative
1854,dreamed,9,0.0,0.0,Neutral
1855,mirror,1,0.0,0.0,Neutral
1856,pose,1,0.0,0.0,Neutral
1857,compliment,2,0.0,0.0,Neutral
1858,romance,1,0.0,0.0,Neutral
1859,caller,1,0.0,0.0,Neutral
1860,arrogant,2,0.0,0.0,Neutral
1861,jealous,1,0.0,0.0,Neutral
1862,trick,1,0.0,0.0,Neutral
1863,abcdefu,1,0.0,0.0,Neutral
1864,sister,4,0.0,0.0,Neutral
1865,job,4,0.0,0.0,Neutral
1866,as,4,0.0,0.0,Neutral
1867,art,3,0.0,0.0,Neutral
1868,dog,4,0.0,0.0,Neutral
1869,ended,1,0.0,0.0,Neutral
1870,textin,1,0.0,0.0,Neutral
1871,dated,1,0.0,0.0,Neutral
1872,attention,1,0.0,0.0,Neutral
1873,connection,1,0.0,0.0,Neutral
1874,anythin,1,0.0,0.0,Neutral
1875,goin,1,0.0,0.0,Neutral
1876,b,5,0.0,0.0,Neutral
1877,f,6,0.0,0.0,Neutral
1878,nah,174,0.0,0.0,Neutral
1879,craigslist,1,0.0,0.0,Neutral
1880,blessed,10,0.0,0.0,Neutral
1881,rest,1,0.0,0.0,Neutral
1882,clay,1,0.0,0.0,Neutral
1883,safe,1,0.5,0.5,Positive
1884,glow,1,0.0,0.0,Neutral
1885,rule,1,0.0,0.0,Neutral
1886,stressed,2,0.0,0.0,Neutral
1887,guessed,2,0.0,0.0,Neutral
1888,unattended,3,0.0,0.0,Neutral
1889,ease,4,0.0,0.0,Neutral
1890,relief,4,0.0,0.0,Neutral
1891,underneath,1,0.0,0.0,Neutral
1892,trickle,2,0.0,0.0,Neutral
1893,spine,2,0.0,0.0,Neutral
1894,climb,2,0.0,0.0,Neutral
1895,verse,2,0.0,0.0,Neutral
1896,collecting,3,0.0,0.0,Neutral
1897,purpose,3,0.0,0.0,Neutral
1898,circumstance,3,0.0,0.0,Neutral
1899,lucky,4,0.3333333333333333,0.8333333333333334,Positive
1900,tend,1,0.0,0.0,Neutral
1901,seriously,1,-0.3333333333333333,0.6666666666666666,Negative
1902,dreamer,2,0.0,0.0,Neutral
1903,great,2,0.8,0.75,Positive
1904,fighter,2,0.0,0.0,Neutral
1905,singin,2,0.0,0.0,Neutral
1906,bang,30,0.0,0.0,Neutral
1907,weapon,2,0.0,0.0,Neutral
1908,history,1,0.0,0.0,Neutral
1909,four,1,0.0,0.0,Neutral
1910,enjoying,1,0.5,0.6,Positive
1911,ignoring,1,0.0,0.0,Neutral
1912,coin,1,0.0,0.0,Neutral
1913,hater,1,0.0,0.0,Neutral
1914,causing,2,0.0,0.0,Neutral
1915,ceiling,1,0.0,0.0,Neutral
1916,band,1,0.0,0.0,Neutral
1917,x,1,0.0,0.0,Neutral
1918,bummer,1,0.0,0.0,Neutral
1919,insecure,2,-0.5,0.875,Negative
1920,pour,1,0.0,0.0,Neutral
1921,level,1,0.0,0.0,Neutral
1922,deny,1,,,
